,FpExecTime,FpTransformRuleTime,FpTotalTime,FpSupportAvg,FpConfAvg,nbNotNull,nnAvgSupp,nnAvgConf,nnFindInFp,FpFindInnn,timeTraining,timeCreatingRule,timeComputingMeasure,iter
0,1.6030004024505615,1.3759992122650146,2.978999614715576,0.1167983870967742,0.3664596774193548,120,0.09828124999999999,0.328125,0.21,0.38,0.23799848556518555,0.24700045585632324,3.714998245239258,0
1,1.1557958126068115,1.5520009994506836,2.707796812057495,0.1167983870967742,0.3664596774193548,120,0.09867187499999999,0.32578124999999997,0.21,0.38,0.2659931182861328,0.2710089683532715,0.9989943504333496,1
