,execTime,transformRulesTime,totalTime,supportAvg,confAvg
0,27.947444200515747,8.46602177619934,36.41346597671509,0.5197112676056338,0.5416830985915494
