,execTime,transformRulesTime,totalTime,supportAvg,confAvg
0,1.1557958126068115,1.5520009994506836,2.707796812057495,0.1167983870967742,0.3664596774193548
