,execTime,transformRulesTime,totalTime,supportAvg,confAvg
0,0.7939996719360352,0.6100265979766846,1.4040262699127197,0.1167983870967742,0.3664596774193548
