,execTime,transformRulesTime,totalTime,supportAvg,confAvg
0,104.01756930351257,8.636013746261597,112.65358304977417,0.09213261648745519,0.6958817204301075
